2,10,3,0,13,42,7,1,12,9,0.638888889,280,0.5,0,0.72,0.285714286,3,4,26.6,6,1.4,280,0,280,0,1,10,3,0,13,42,7,1,12,9,0.638888889,280,0.5,0,0.72,0.285714286,3,4,26.6,6,1.4,9,8,289,8,1
1,10,1,1,4,21,0,1,3,1,0.619047619,477,1,1,0,0.5,0,0,45.3,2,1,477,0,477,0,1,NaN,NaN,NaN,NaN,NaN,NaN,NaN,NaN,NaN,NaN,NaN,NaN,NaN,NaN,NaN,NaN,NaN,NaN,NaN,NaN,NaN,NaN,NaN,NaN,NaN
2,16,2,0,10,41,10,2,9,15,0.133333333,257,0,0,0.5,0.375,0,0,15,2,0.875,257,0,257,0,1,17,2,0,11,42,0,2,10,15,0.5625,393,0.333333333,0,0.586206897,0.352941176,1,5,21.94117647,2,0.8824,147,97,404,97,1
2,5,2,5,15,7,10,10,6,4,2,14,0,0,0.75,0.466666667,1,1,1.8,1,0.8,14,0,14,0,0,5,2,5,17,7,10,12,6,4,2,14,0,0,0.75,0.466666667,1,1,1.8,1,0.8,6,5,20,5,0
2,1,1,0,21,1,0,20,1,1,2,1,0,0,0,1,0,0,0,1,1,1,0,1,0,1,4,1,0,23,4,6,22,1,4,2,4,0,0,0,0.5,0,0,0,1,1,62,9,63,9,1
1,14,1,6,16,19,79,15,1,11,0.723076923,133,1,0,0,0.785714286,0,0,8.142857143,3,1,133,0,133,0,1,NaN,NaN,NaN,NaN,NaN,NaN,NaN,NaN,NaN,NaN,NaN,NaN,NaN,NaN,NaN,NaN,NaN,NaN,NaN,NaN,NaN,NaN,NaN,NaN,NaN
2,10,1,0,3,10,45,3,0,10,2,10,0,0,0,0.6,0,0,0,1,1,10,0,10,0,1,12,1,0,3,12,66,3,0,12,2,12,0,0,0,0.583333333,0,0,0,1,1,12,0,22,0,0
2,14,1,0,2,25,3,1,1,13,0.602564103,237,0,0,0,0.404761905,0,0,15.5,1,0.9286,237,0,237,0,0,14,1,0,2,25,3,1,1,13,0.602564103,237,0,0,0,0.404761905,0,0,15.5,1,0.9286,6,5,243,5,0
2,14,1,0,12,51,67,1,12,8,0.641025641,764,0.666666667,2,0,0.401709402,0,0,53.35714286,2,1.1429,764,0,764,0,1,14,1,0,22,29,67,9,22,12,0.897435897,199,0.333333333,12,0,0.403846154,0,0,12.35714286,1,0.8571,176,88,940,88,1
1,2,1,0,2,3,1,0,2,2,2,7,0,0,0,0.75,0,0,2.5,1,0.5,7,0,7,0,0,NaN,NaN,NaN,NaN,NaN,NaN,NaN,NaN,NaN,NaN,NaN,NaN,NaN,NaN,NaN,NaN,NaN,NaN,NaN,NaN,NaN,NaN,NaN,NaN,NaN
2,1,1,0,5,2,0,4,1,1,2,16,0,1,0,1,0,0,12,0,0,16,0,16,0,1,18,1,0,12,44,0,8,4,4,0.678733032,981,0.461538462,1,0,0.243055556,0,0,52.77777778,4,1.3333,393,79,409,79,1
2,9,2,3,4,14,0,3,1,6,0.575,204,0.8,0,0.619047619,0.416666667,1,4,21.11111111,2,1,204,0,204,0,1,15,2,2,4,30,21,3,1,9,0.705357143,438,0.625,0,0.538461538,0.328571429,1,4,27.66666667,7,1.2667,98,25,302,25,1
2,6,1,0,8,29,0,2,6,0,0.436363636,383,0.727272727,5,0,0.479166667,0,0,61,1,0.6667,383,0,383,0,1,6,1,0,9,29,0,2,7,0,0.45,395,0.666666667,5,0,0.479166667,0,0,62.83333333,1,0.6667,16,10,399,10,1
1,8,2,0,3,15,0,1,2,0,0.571428571,158,1,0,0.5625,0.425,1,3,17.875,1,0.875,158,0,158,0,0,NaN,NaN,NaN,NaN,NaN,NaN,NaN,NaN,NaN,NaN,NaN,NaN,NaN,NaN,NaN,NaN,NaN,NaN,NaN,NaN,NaN,NaN,NaN,NaN,NaN
2,15,2,1,19,50,0,2,18,13,0.476190476,557,1,1,0.611111111,0.251851852,1,5,35.93333333,6,1.2667,557,0,557,0,1,16,2,1,22,53,0,2,21,14,0.466666667,577,1,1,0.594594595,0.23125,1,5,34.875,6,1.25,21,9,578,9,0
2,10,1,0,16,10,45,6,10,10,2,10,0,0,0,0.288888889,0,0,0,1,1,10,0,10,0,1,11,1,0,18,11,55,6,12,11,2,11,0,0,0,0.263636364,0,0,0,1,1,33,6,43,6,1
2,17,2,0,12,55,12,3,10,13,0.625,404,1,0,0.428571429,0.158823529,2,4,22.52941176,7,2.0588,404,0,404,0,1,17,2,0,12,55,12,3,10,13,0.625,407,1,0,0.428571429,0.158823529,2,4,22.70588235,7,2.0588,10,7,414,7,1
2,14,1,1,18,17,91,18,0,14,2,189,0,0,0,0.297619048,0,0,12.5,1,0.9286,189,0,189,0,1,15,1,2,19,18,105,19,0,15,2,196,0,0,0,0.311111111,0,0,12.06666667,1,0.9333,16,6,205,6,1
2,4,1,0,2,18,6,2,0,3,2,102,0,0,0,0.25,0,0,24.5,2,1,102,0,102,0,0,4,1,0,2,17,6,2,0,4,2,147,0,0,0,0.333333333,0,0,35.75,1,0.75,33,17,135,17,0
1,8,1,0,6,19,0,3,3,8,0.666666667,160,1,2,0,0.34375,0,0,18.25,3,1.125,160,0,160,0,0,NaN,NaN,NaN,NaN,NaN,NaN,NaN,NaN,NaN,NaN,NaN,NaN,NaN,NaN,NaN,NaN,NaN,NaN,NaN,NaN,NaN,NaN,NaN,NaN,NaN
2,2,3,0,4,5,1,1,3,2,2,21,0,0,0.75,0.75,0,0,9.5,1,0.5,21,0,21,0,0,2,3,0,4,5,1,1,3,2,2,21,0,0,0.8,0.75,0,0,9.5,1,0.5,7,6,28,6,1
2,26,2,0,15,56,0,1,14,17,0.668571429,601,1,1,0.696202532,0.174825175,1,5,21.84615385,6,1.3462,601,0,601,0,1,28,2,0,17,61,0,1,16,17,0.682539683,664,1,1,0.697674419,0.157738095,1,9,22.46428571,6,1.3929,79,36,680,36,1
2,7,2,0,6,25,0,1,5,5,0.520833333,201,1,2,0.571428571,0.30952381,1,3,26.57142857,1,0.8571,201,0,201,0,1,7,2,1,7,25,0,2,5,5,0.520833333,201,1,2,0.571428571,0.30952381,1,3,26.57142857,1,0.8571,20,16,221,16,1
2,12,3,0,7,46,0,1,7,12,0.613636364,343,1,0,0.592592593,0.208333333,2,2,27.25,7,1.75,343,0,343,0,1,12,3,0,8,47,0,2,8,12,0.590909091,353,1,0,0.592592593,0.208333333,2,2,28.08333333,7,1.75,9,6,352,6,0
2,14,1,0,23,35,0,22,1,14,0.5,341,0.5,0,0,0.428571429,0,0,23.21428571,5,2.5714,341,0,341,0,1,17,1,0,24,39,0,22,2,17,0.5,415,0.5,0,0,0.426470588,0,0,23.29411765,5,2.5882,70,30,411,30,1
2,10,1,0,3,10,45,3,0,10,2,10,0,0,0,0.6,0,0,0,1,1,10,0,10,0,0,12,1,0,3,12,66,3,0,12,2,12,0,0,0,0.583333333,0,0,0,1,1,12,0,22,0,1
2,5,1,0,5,12,0,4,1,0,0.583333333,94,0,2,0,0.533333333,0,0,16.6,1,0.8,94,0,94,0,1,5,1,0,6,12,0,5,1,0,0.678571429,95,0,2,0,0.533333333,0,0,16.6,1,0.8,16,5,110,5,0
2,2,3,0,8,11,0,2,6,0,0,106,1,0,0.952380952,0.571428571,1,1,51.5,1,0.5,106,0,106,0,1,4,3,0,9,19,0,3,7,0,0.555555556,326,1,1,0.869565217,0.34375,1,1,79.75,4,1.5,130,14,236,14,1
2,19,1,0,18,51,145,12,6,15,0.920634921,437,0.285714286,0,0,0.257309942,0,0,21.63157895,7,1.4737,437,0,437,0,1,20,1,0,18,51,164,12,6,16,0.940789474,482,0.25,0,0,0.261111111,0,0,22.7,8,1.5,46,17,483,17,1
1,1,1,0,18,1,0,17,1,1,2,1,0,0,0,1,0,0,0,1,1,1,0,1,0,0,NaN,NaN,NaN,NaN,NaN,NaN,NaN,NaN,NaN,NaN,NaN,NaN,NaN,NaN,NaN,NaN,NaN,NaN,NaN,NaN,NaN,NaN,NaN,NaN,NaN
2,6,1,0,6,39,0,1,5,5,0.6,337,1,1,0,0.333333333,0,0,54.33333333,4,1.3333,337,0,337,0,1,6,1,0,6,39,0,1,5,5,0.6,339,1,1,0,0.333333333,0,0,54.66666667,4,1.3333,8,7,345,7,1
1,4,2,0,4,13,0,1,4,4,0,52,1,1,0.25,0.5,0,0,11.75,1,0.75,52,0,52,0,1,NaN,NaN,NaN,NaN,NaN,NaN,NaN,NaN,NaN,NaN,NaN,NaN,NaN,NaN,NaN,NaN,NaN,NaN,NaN,NaN,NaN,NaN,NaN,NaN,NaN
2,15,1,0,13,54,41,2,11,10,0.804761905,675,0.533333333,5,0,0.237037037,0,0,43,3,1.2,675,0,675,0,0,15,1,0,13,54,41,2,11,10,0.804761905,675,0.533333333,5,0,0.237037037,0,0,43,3,1.2,9,8,684,8,1
1,2,3,0,7,12,1,0,7,1,2,52,0,0,0.947368421,0.833333333,0,0,25,5,2.5,52,0,52,0,0,NaN,NaN,NaN,NaN,NaN,NaN,NaN,NaN,NaN,NaN,NaN,NaN,NaN,NaN,NaN,NaN,NaN,NaN,NaN,NaN,NaN,NaN,NaN,NaN,NaN
2,5,1,0,10,36,2,1,9,0,0.625,319,1,3,0,0.333333333,0,0,62,1,0.8,319,0,319,0,1,18,1,0,17,61,69,2,16,0,0.806722689,745,1,4,0,0.237373737,0,0,40,5,1.3333,354,67,673,67,1
2,12,1,10,13,13,0,13,0,8,0.454545455,275,1,0,0,0.444444444,0,0,21.66666667,7,2.0833,275,0,275,0,0,12,1,9,12,13,0,12,0,8,0.454545455,275,1,0,0,0.444444444,0,0,21.66666667,7,2.0833,6,5,281,5,1
2,13,1,13,45,39,72,42,7,12,0.833333333,249,1,0,0,0.230769231,0,0,18.07692308,9,1.8462,249,0,249,0,0,13,1,15,51,39,72,48,7,12,0.833333333,249,1,0,0,0.230769231,0,0,18.07692308,9,1.8462,157,88,406,88,0
2,10,1,0,8,33,25,1,7,10,0.722222222,178,1,2,0,0.228571429,0,0,16.4,1,0.9,178,0,178,0,1,13,1,0,8,36,58,1,7,13,0.791666667,191,1,2,0,0.201923077,0,0,13.38461538,1,0.9231,28,5,206,5,1
2,5,2,0,6,20,0,1,5,5,0.5,141,1,2,0.555555556,0.4,1,2,26.6,1,0.8,141,0,141,0,0,5,2,0,6,20,0,1,5,5,0.5,141,1,2,0.555555556,0.4,1,2,26.6,1,0.8,141,0,282,0,0
2,52,1,1,30,129,888,1,29,32,0.873873874,2830,0.648648649,11,0,0.132730015,0,0,52.71153846,23,2.6731,2830,0,2830,0,1,64,1,1,34,151,1520,1,33,40,0.893046107,3329,0.595238095,12,0,0.112169312,0,0,50.359375,23,2.4844,73,1179,2903,1179,1
2,2,2,0,4,4,1,1,3,2,2,10,0,0,0.666666667,0.666666667,0,0,4,1,0.5,10,0,10,0,0,2,2,0,4,4,1,1,3,2,2,10,0,0,0.666666667,0.666666667,0,0,4,1,0.5,6,5,16,5,0
2,5,2,0,6,21,0,3,3,0,0.375,274,0,1,0.733333333,0.5,1,3,53.4,18,5,274,0,274,0,0,5,2,0,6,21,0,3,3,0,0.375,274,0,1,0.733333333,0.5,1,3,53.4,18,5,8,7,282,7,1
1,8,2,4,8,12,8,4,4,8,0.5,68,1,1,0.416666667,0.3125,2,2,7.25,5,1.375,68,0,68,0,1,NaN,NaN,NaN,NaN,NaN,NaN,NaN,NaN,NaN,NaN,NaN,NaN,NaN,NaN,NaN,NaN,NaN,NaN,NaN,NaN,NaN,NaN,NaN,NaN,NaN
2,22,2,0,20,60,79,12,12,19,0.742857143,439,1,0,0.387096774,0.119047619,2,6,18.72727273,12,1.7273,439,0,439,0,1,27,2,0,19,64,171,12,11,22,0.769230769,443,1,0,0.333333333,0.102564103,2,6,15.22222222,12,1.5926,101,93,540,93,1
2,5,1,0,8,6,0,8,0,0,0.125,100,0,0,0,0.55,0,0,18.2,1,0.4,100,0,100,0,0,5,1,0,8,6,0,8,0,0,0.125,100,0,0,0,0.55,0,0,18.2,1,0.4,156,96,256,96,0
2,12,1,0,58,21,0,58,0,9,0.136363636,128,0,0,0,0.291666667,1,1,9.5,4,1.1667,128,0,128,0,1,12,1,0,71,21,0,71,0,9,0.136363636,138,0,0,0,0.291666667,1,1,10.33333333,6,1.3333,46,29,174,29,1
1,2,1,1,6,16,0,1,5,1,0,66,1,1,0,0.666666667,0,0,31.5,1,0.5,66,0,66,0,0,NaN,NaN,NaN,NaN,NaN,NaN,NaN,NaN,NaN,NaN,NaN,NaN,NaN,NaN,NaN,NaN,NaN,NaN,NaN,NaN,NaN,NaN,NaN,NaN,NaN
2,8,2,0,14,22,0,9,6,6,0.142857143,100,1,1,0.631578947,0.232142857,2,2,11.375,4,1.375,100,0,100,0,1,8,2,0,15,22,0,10,6,6,0.142857143,100,1,1,0.631578947,0.232142857,2,2,11.375,4,1.375,10,7,110,7,1
2,4,3,2,4,8,4,2,2,2,0.857142857,122,1,0,0.5,0.583333333,0,0,27.75,1,0.75,122,0,122,0,0,4,3,2,4,8,4,2,2,2,0.857142857,122,1,0,0.571428571,0.583333333,0,0,27.75,1,0.75,6,5,128,5,1
1,1,4,0,28,2,0,28,0,1,2,5,0,0,1,1,0,0,4,0,0,5,0,5,0,0,NaN,NaN,NaN,NaN,NaN,NaN,NaN,NaN,NaN,NaN,NaN,NaN,NaN,NaN,NaN,NaN,NaN,NaN,NaN,NaN,NaN,NaN,NaN,NaN,NaN
2,10,2,0,9,27,15,0,9,4,0.333333333,382,1,0,0.842105263,0.3375,1,6,37.1,1,0.9,382,0,382,0,1,11,2,0,9,31,23,0,9,5,0.55,410,1,0,0.869565217,0.313131313,1,5,36.09090909,1,0.8182,54,12,436,12,1
2,3,2,0,5,9,3,2,3,0,2,47,0,0,0.846153846,0.555555556,1,3,14.66666667,4,1.6667,47,0,47,0,0,3,2,0,5,9,3,2,3,0,2,47,0,0,0.846153846,0.555555556,1,3,14.66666667,4,1.6667,6,5,53,5,0
2,12,1,3,35,13,66,32,3,12,2,15,0,0,0,0.875,0,0,0.25,1,0.9167,15,0,15,0,1,18,1,3,36,33,141,32,4,18,0.823529412,177,1,1,0,0.296296296,0,0,8.777777778,1,0.9444,124,8,139,8,1
2,27,1,0,1,43,13,1,0,13,0.600961538,1174,1,0,0,0.25308642,0,0,42.18518519,26,5.7407,1174,0,1174,0,0,27,1,0,1,43,13,1,0,13,0.600961538,1174,1,0,0,0.25308642,0,0,42.18518519,26,5.7407,6,5,1180,5,1
2,23,1,3,34,28,247,24,13,22,0.909090909,131,1,1,0,0.273913043,0,0,4.652173913,1,0.9565,131,0,131,0,1,23,1,3,40,28,247,29,14,22,0.909090909,131,1,1,0,0.273913043,0,0,4.652173913,1,0.9565,8,6,139,6,1
1,3,4,0,5,7,3,1,5,2,2,38,0,0,0.923076923,0.5,1,1,11.66666667,4,1.6667,38,0,38,0,1,NaN,NaN,NaN,NaN,NaN,NaN,NaN,NaN,NaN,NaN,NaN,NaN,NaN,NaN,NaN,NaN,NaN,NaN,NaN,NaN,NaN,NaN,NaN,NaN,NaN
2,3,1,6,13,4,3,12,1,3,2,8,0,0,0,0.666666667,0,0,1.666666667,1,0.6667,8,0,8,0,0,3,1,6,13,4,3,12,1,3,2,8,0,0,0,0.666666667,0,0,1.666666667,1,0.6667,11,10,19,10,1
1,6,2,0,4,17,3,1,3,4,0.2,102,1,0,0.571428571,0.611111111,0,0,15.83333333,2,0.6667,102,0,102,0,1,NaN,NaN,NaN,NaN,NaN,NaN,NaN,NaN,NaN,NaN,NaN,NaN,NaN,NaN,NaN,NaN,NaN,NaN,NaN,NaN,NaN,NaN,NaN,NaN,NaN
2,10,2,1,6,34,1,3,4,8,0.46031746,288,1,1,0.5,0.5,1,3,27.1,1,0.8,288,0,288,0,1,12,2,1,7,37,0,2,5,9,0.454545455,357,1,1,0.444444444,0.416666667,1,3,28.08333333,1,0.8333,88,64,376,64,0
2,11,1,0,4,25,0,1,3,6,0.52,241,1,1,0,0.242857143,0,0,20.45454545,3,1.4545,241,0,241,0,0,11,1,0,4,25,0,1,3,6,0.52,241,1,1,0,0.242857143,0,0,20.45454545,3,1.4545,6,5,247,5,0
2,9,2,2,3,11,8,2,1,8,0.5,175,0.75,0,0.619047619,0.333333333,1,3,18,1,0.8889,175,0,175,0,1,10,2,1,2,12,17,1,1,8,0.555555556,185,0.75,0,0.608695652,0.36,1,3,17.1,1,0.9,23,13,198,13,0
2,9,1,0,7,10,2,7,0,8,0.666666667,83,0.666666667,1,0,0.5,1,1,7.888888889,5,1.1111,83,0,83,0,0,9,1,0,7,10,2,7,0,8,0.666666667,83,0.666666667,1,0,0.5,1,1,7.888888889,5,1.1111,31,8,114,8,0
1,7,3,0,7,22,9,2,6,6,0.777777778,122,0.333333333,1,0.705882353,0.333333333,2,3,16,6,1.7143,122,0,122,0,1,NaN,NaN,NaN,NaN,NaN,NaN,NaN,NaN,NaN,NaN,NaN,NaN,NaN,NaN,NaN,NaN,NaN,NaN,NaN,NaN,NaN,NaN,NaN,NaN,NaN
1,6,1,1,3,16,0,1,2,0,0.466666667,178,1,1,0,0.611111111,0,0,28.16666667,3,1.3333,178,0,178,0,0,NaN,NaN,NaN,NaN,NaN,NaN,NaN,NaN,NaN,NaN,NaN,NaN,NaN,NaN,NaN,NaN,NaN,NaN,NaN,NaN,NaN,NaN,NaN,NaN,NaN
1,2,1,0,5,2,1,5,0,2,2,2,0,0,0,1,0,0,0,1,1,2,0,2,0,1,NaN,NaN,NaN,NaN,NaN,NaN,NaN,NaN,NaN,NaN,NaN,NaN,NaN,NaN,NaN,NaN,NaN,NaN,NaN,NaN,NaN,NaN,NaN,NaN,NaN
2,2,4,1,2,4,1,1,1,1,2,9,0,0,0.857142857,0.666666667,1,1,3.5,1,0.5,9,0,9,0,0,2,4,1,2,4,1,1,1,1,2,9,0,0,0.875,0.666666667,1,1,3.5,1,0.5,6,5,15,5,0
2,6,2,0,6,14,15,2,5,5,2,57,0,0,0.705882353,0.333333333,2,3,8.5,3,1.1667,57,0,57,0,1,6,2,0,7,14,15,3,5,5,2,57,0,0,0.705882353,0.333333333,2,3,8.5,3,1.1667,11,11,68,11,1
2,10,1,0,7,18,0,6,2,10,0.333333333,107,1,2,0,0.375,1,1,9.5,4,1.4,107,0,107,0,1,10,1,0,6,18,0,5,2,10,0.333333333,104,1,2,0,0.375,1,1,9.2,4,1.4,18,14,125,14,0
1,2,1,0,2,2,1,2,0,2,2,2,0,0,0,1,0,0,0,1,1,2,0,2,0,1,NaN,NaN,NaN,NaN,NaN,NaN,NaN,NaN,NaN,NaN,NaN,NaN,NaN,NaN,NaN,NaN,NaN,NaN,NaN,NaN,NaN,NaN,NaN,NaN,NaN
2,2,1,0,15,7,1,15,0,2,2,21,0,0,0,0.5,0,0,9.5,2,1,21,0,21,0,0,2,1,0,17,7,1,17,0,2,2,21,0,0,0,0.5,0,0,9.5,2,1,7,5,28,5,0
2,3,3,0,6,7,3,1,5,2,2,23,0,0,0.9,0.5,1,1,6.666666667,2,1,23,0,23,0,1,4,3,0,8,12,4,1,7,3,0.666666667,55,1,0,0.857142857,0.5,1,1,12.5,2,1,14,5,37,5,0
2,8,1,1,3,15,0,2,1,7,0.571428571,133,1,0,0,0.35,0,0,15.25,4,1.75,133,0,133,0,0,8,1,1,3,15,0,2,1,7,0.571428571,133,1,0,0,0.35,0,0,15.25,4,1.75,6,5,139,5,1
1,6,1,3,8,7,15,6,2,6,2,12,0,0,0,0.444444444,1,1,1,1,0.8333,12,0,12,0,1,NaN,NaN,NaN,NaN,NaN,NaN,NaN,NaN,NaN,NaN,NaN,NaN,NaN,NaN,NaN,NaN,NaN,NaN,NaN,NaN,NaN,NaN,NaN,NaN,NaN
2,8,1,0,1,25,22,1,0,6,0.428571429,126,1,0,0,0.178571429,0,0,14.625,5,1.375,126,0,126,0,0,8,1,0,1,25,22,1,0,6,0.428571429,126,1,0,0,0.178571429,0,0,14.625,5,1.375,6,5,132,5,0
2,2,2,0,4,3,1,3,1,2,1,16,0,0,0,0.875,0,0,6.5,0,0,16,0,16,0,0,2,2,0,4,3,1,3,1,2,1,16,0,0,0,0.875,0,0,6.5,0,0,7,6,23,6,1
2,6,3,0,2,19,15,2,0,4,1.12,184,0,0,0.8125,0.5,1,1,28.83333333,14,2.8333,184,0,184,0,0,6,3,0,2,19,15,2,0,4,1.12,184,0,0,0.8125,0.5,1,1,28.83333333,14,2.8333,0,0,184,0,1
2,18,1,0,21,93,0,1,21,0,0.701960784,1039,1,8,0,0.188888889,0,0,55.88888889,1,0.8889,1039,0,1039,0,1,16,1,0,25,99,0,3,24,0,0.691666667,1172,0.9375,8,0,0.2,0,0,71.25,1,0.8125,113,71,1152,71,1
2,11,1,1,6,20,15,2,4,9,0.514285714,231,1,4,0,0.246753247,0,0,19.36363636,1,0.9091,231,0,231,0,0,11,1,1,6,21,1,2,4,9,0.514285714,258,1,4,0,0.246753247,0,0,21.81818182,1,0.9091,258,0,489,0,0
1,4,1,0,7,6,0,7,0,2,0.875,83,0.125,7,0,0.555555556,1,1,17.75,5,1.5,83,0,83,0,0,NaN,NaN,NaN,NaN,NaN,NaN,NaN,NaN,NaN,NaN,NaN,NaN,NaN,NaN,NaN,NaN,NaN,NaN,NaN,NaN,NaN,NaN,NaN,NaN,NaN
2,1,1,0,5,1,0,3,2,1,2,1,0,0,0,1,0,0,0,1,1,1,0,1,0,0,1,1,0,6,1,0,4,2,1,2,1,0,0,0,1,0,0,0,1,1,18,2,19,2,0
2,6,2,0,4,15,0,1,3,6,0.466666667,113,1,2,0.615384615,0.5,1,3,17.33333333,1,0.8333,113,0,113,0,0,6,2,0,4,15,0,1,3,6,0.466666667,113,1,2,0.615384615,0.5,1,3,17.33333333,1,0.8333,6,5,119,5,0
2,11,2,0,4,25,0,1,3,7,0.65,434,1,0,0.444444444,0.287878788,1,3,38.09090909,6,1.5455,434,0,434,0,1,11,2,0,4,25,0,1,3,7,0.625,447,1,0,0.444444444,0.287878788,1,3,39.27272727,6,1.5455,5,0,439,0,1
2,4,1,0,0,18,0,0,0,3,1.166666667,130,0.5,0,0,0.333333333,0,0,30,6,2.5,130,0,130,0,0,4,1,0,0,18,0,0,0,3,1.166666667,130,0.5,0,0,0.333333333,0,0,30,6,2.5,6,5,136,5,0
2,7,2,1,2,14,0,1,1,7,0,47,1,1,0.7,0.428571429,1,2,5.571428571,1,0.8571,47,0,47,0,0,7,2,1,2,14,0,1,1,7,0,47,1,1,0.714285714,0.428571429,1,2,5.571428571,1,0.8571,6,5,53,5,1
1,3,2,0,4,8,0,1,3,3,0,43,1,0,0.666666667,0.833333333,0,0,13,1,0.6667,43,0,43,0,1,NaN,NaN,NaN,NaN,NaN,NaN,NaN,NaN,NaN,NaN,NaN,NaN,NaN,NaN,NaN,NaN,NaN,NaN,NaN,NaN,NaN,NaN,NaN,NaN,NaN
2,15,1,0,9,22,0,8,1,14,0.852040816,297,0.285714286,3,0,0.380952381,0,0,17.86666667,7,0.8,297,0,297,0,0,15,1,0,9,22,0,8,1,14,0.852040816,297,0.285714286,3,0,0.380952381,0,0,17.86666667,7,0.8,7,6,304,6,1
2,16,1,2,42,25,108,40,4,15,0.866666667,91,1,1,0,0.185185185,0,0,4.5625,1,0.875,91,0,91,0,1,17,1,2,49,26,124,47,4,16,0.875,94,1,1,0,0.175,0,0,4.411764706,1,0.8824,284,55,375,55,1
2,14,3,0,5,29,53,1,4,6,0.692307692,514,1,1,0.541666667,0.333333333,1,4,34.92857143,14,2.2857,514,0,514,0,0,14,3,0,5,29,53,1,4,6,0.692307692,514,1,1,0.541666667,0.333333333,1,4,34.92857143,14,2.2857,6,5,520,5,0
2,6,1,2,16,14,13,16,0,5,0.8,58,0,0,0,0.6,0,0,8.5,1,0.6667,58,0,58,0,1,6,1,4,15,17,13,14,1,5,0.9,89,0.5,0,0,0.6,0,0,13.5,1,0.6667,32,11,90,11,1
2,13,3,0,6,30,0,1,6,11,0.416666667,176,1,1,0.571428571,0.192307692,2,2,12.38461538,6,1.3077,176,0,176,0,0,13,3,0,6,30,0,1,6,11,0.416666667,176,1,1,0.571428571,0.192307692,2,2,12.38461538,6,1.3077,6,5,182,5,0
2,3,1,1,14,4,0,13,1,2,0.666666667,25,0.333333333,1,0,0.583333333,0,0,6.333333333,1,0.6667,25,0,25,0,0,3,1,1,14,4,0,13,1,2,0.666666667,25,0.333333333,1,0,0.583333333,0,0,6.333333333,1,0.6667,6,5,31,5,1
2,3,3,0,11,13,1,1,10,3,2,70,0,0,0.666666667,0.533333333,1,3,22.33333333,2,1.3333,70,0,70,0,0,3,3,0,11,13,1,1,10,3,2,70,0,0,0.666666667,0.533333333,1,3,22.33333333,2,1.3333,6,5,76,5,1
2,3,2,3,4,5,1,3,1,1,0.5,17,1,0,0.666666667,0.666666667,0,0,4.333333333,1,0.3333,17,0,17,0,0,3,2,3,4,5,1,3,1,1,0.5,17,1,0,0.75,0.666666667,0,0,4.333333333,1,0.3333,6,5,23,5,1
2,3,1,0,0,8,3,0,0,1,1,27,0,0,0,0.333333333,0,0,7.666666667,2,1,27,0,27,0,0,3,1,0,0,8,3,0,0,1,1,27,0,0,0,0.333333333,0,0,7.666666667,2,1,6,5,33,5,0
1,6,2,0,10,18,9,9,1,5,0.2,65,1,0,0.733333333,0.333333333,1,1,9.666666667,3,1.1667,65,0,65,0,1,NaN,NaN,NaN,NaN,NaN,NaN,NaN,NaN,NaN,NaN,NaN,NaN,NaN,NaN,NaN,NaN,NaN,NaN,NaN,NaN,NaN,NaN,NaN,NaN,NaN
2,8,1,0,3,19,2,1,2,6,0.178571429,116,1,2,0,0.34375,0,0,13,2,1,116,0,116,0,1,8,1,0,4,19,2,1,3,6,0.178571429,116,1,2,0,0.34375,0,0,13,2,1,51,32,167,32,1
2,6,1,5,5,18,5,5,0,1,0.6,88,0.5,0,0,0.7,0,0,13.33333333,1,0.5,88,0,88,0,0,6,1,5,5,18,5,5,0,1,0.6,88,0.5,0,0,0.7,0,0,13.33333333,1,0.5,6,5,94,5,0
1,19,1,0,6,48,71,3,6,7,0.75,468,1,5,0,0.210526316,0,0,23.10526316,3,1.3158,468,0,468,0,1,NaN,NaN,NaN,NaN,NaN,NaN,NaN,NaN,NaN,NaN,NaN,NaN,NaN,NaN,NaN,NaN,NaN,NaN,NaN,NaN,NaN,NaN,NaN,NaN,NaN
1,18,1,0,10,18,153,9,1,18,2,18,0,0,0,0.37037037,0,0,0,1,1,18,0,18,0,1,NaN,NaN,NaN,NaN,NaN,NaN,NaN,NaN,NaN,NaN,NaN,NaN,NaN,NaN,NaN,NaN,NaN,NaN,NaN,NaN,NaN,NaN,NaN,NaN,NaN
2,11,1,0,12,28,19,3,11,5,0.64,338,1,6,0,0.324675325,0,0,28.81818182,4,1.1818,338,0,338,0,1,11,1,0,13,28,19,3,12,5,0.64,338,1,6,0,0.324675325,0,0,28.81818182,4,1.1818,28,12,366,12,1
2,3,1,0,4,4,3,4,0,3,1.4375,23,0,2,0,0.5,0,0,4,2,1,23,0,23,0,0,3,1,0,4,4,3,4,0,3,1.4375,23,0,2,0,0.5,0,0,4,2,1,69,118,92,118,1
2,10,3,0,6,27,0,1,6,9,0.111111111,116,1,1,0.64,0.214285714,2,2,10.5,4,1.3,116,0,116,0,1,9,3,1,8,27,0,1,7,9,0,116,1,1,0.666666667,0.259259259,2,2,11.77777778,4,1.3333,8,51,124,51,0
2,2,1,0,2,5,1,2,0,1,2,36,0,0,0,0.5,0,0,17,4,2,36,0,36,0,0,2,1,0,2,5,1,2,0,1,2,36,0,0,0,0.5,0,0,17,4,2,7,6,43,6,0
2,5,3,0,3,8,2,1,2,5,0.666666667,93,1,1,0.84,0.36,1,5,17,3,1.2,93,0,93,0,1,8,2,0,3,13,0,1,2,7,0.5,204,0.875,1,0.666666667,0.3,1,4,23.5,2,1,64,25,157,25,1
2,5,2,0,2,16,0,0,2,5,0.5,102,1,1,0.2,0.4,1,1,19,2,1,102,0,102,0,1,5,2,1,3,16,0,1,2,5,0.5,102,1,1,0.2,0.4,1,1,19,2,1,22,24,124,24,1
2,2,1,0,4,2,1,2,2,2,2,2,0,0,0,1,0,0,0,1,1,2,0,2,0,0,2,1,0,4,2,1,2,2,2,2,2,0,0,0,1,0,0,0,1,1,6,5,8,5,0
2,1,1,0,3,4,0,3,0,0,2,15,0,0,0,1,0,0,11,0,0,15,0,15,0,1,8,1,0,3,12,6,3,1,0,0.80952381,115,0.333333333,1,0,0.375,0,0,12.625,2,0.875,54,9,69,9,1
1,5,2,0,2,6,10,1,1,4,2,15,0,0,0.5,1,1,1,2,1,0.8,15,0,15,0,0,NaN,NaN,NaN,NaN,NaN,NaN,NaN,NaN,NaN,NaN,NaN,NaN,NaN,NaN,NaN,NaN,NaN,NaN,NaN,NaN,NaN,NaN,NaN,NaN,NaN
2,7,3,0,5,13,15,2,3,7,0.333333333,106,1,0,0.5,0.514285714,0,0,13.85714286,3,0.7143,106,0,106,0,0,7,3,0,5,13,15,2,3,7,0.333333333,106,1,0,0.571428571,0.514285714,0,0,13.85714286,3,0.7143,6,5,112,5,1
1,16,1,0,3,24,0,2,2,12,0.383333333,361,1,2,0,0.328125,0,0,21.3125,7,1.75,361,0,361,0,0,NaN,NaN,NaN,NaN,NaN,NaN,NaN,NaN,NaN,NaN,NaN,NaN,NaN,NaN,NaN,NaN,NaN,NaN,NaN,NaN,NaN,NaN,NaN,NaN,NaN
2,7,2,0,3,10,21,3,1,7,2,54,0,0,0.7,0.5,1,2,6.714285714,1,0.8571,54,0,54,0,0,7,2,0,3,10,21,3,1,7,2,54,0,0,0.714285714,0.5,1,2,6.714285714,1,0.8571,6,5,60,5,0
2,10,2,0,5,24,0,0,5,10,0.444444444,313,1,0,0.571428571,0.3,2,3,29.8,13,3.1,313,0,313,0,0,10,2,0,6,24,0,1,5,10,0.444444444,313,1,0,0.571428571,0.3,2,3,29.8,13,3.1,7,6,320,6,1
2,2,2,6,7,4,0,6,1,1,0,13,1,1,0.666666667,0.75,0,0,5,1,0.5,13,0,13,0,0,2,2,7,8,4,0,7,1,1,0,13,1,1,0.75,0.75,0,0,5,1,0.5,6,5,19,5,1
2,2,2,0,5,4,1,3,2,0,2,37,0,0,0.916666667,0.666666667,1,3,17.5,4,2,37,0,37,0,1,2,2,0,5,4,1,3,2,0,2,51,0,0,0.916666667,0.666666667,1,3,24.5,6,3,12,6,49,6,0
1,3,1,0,4,7,3,2,2,3,2,28,0,0,0,0.833333333,0,0,8.333333333,2,1,28,0,28,0,1,NaN,NaN,NaN,NaN,NaN,NaN,NaN,NaN,NaN,NaN,NaN,NaN,NaN,NaN,NaN,NaN,NaN,NaN,NaN,NaN,NaN,NaN,NaN,NaN,NaN
2,7,2,0,8,15,0,0,8,6,0.5,67,0.5,0,0.666666667,0.333333333,0,0,8.285714286,1,0.1429,67,0,67,0,0,7,2,0,8,15,0,0,8,6,0.5,67,0.5,0,0.666666667,0.333333333,0,0,8.285714286,1,0.1429,7,6,74,6,1
2,8,3,0,5,21,4,2,3,7,0.357142857,188,1,1,0.777777778,0.270833333,1,2,22.25,5,1.25,188,0,188,0,1,13,2,0,4,25,0,2,2,10,0.523809524,292,0.857142857,1,0.56,0.208791209,1,3,20.92307692,2,1,71,34,259,34,1
1,1,5,0,4,2,0,4,0,1,2,5,0,0,1,1,0,0,4,0,0,5,0,5,0,0,NaN,NaN,NaN,NaN,NaN,NaN,NaN,NaN,NaN,NaN,NaN,NaN,NaN,NaN,NaN,NaN,NaN,NaN,NaN,NaN,NaN,NaN,NaN,NaN,NaN
2,5,1,0,15,5,10,15,0,5,2,5,0,0,0,0.6,0,0,0,1,1,5,0,5,0,0,5,1,0,20,5,10,20,0,5,2,5,0,0,0,0.6,0,0,0,1,1,6,5,11,5,0
2,5,1,0,7,14,0,3,4,0,0.75,108,0.333333333,4,0,0.4,0,0,19.4,5,1.6,108,0,108,0,0,5,1,0,7,14,0,3,4,0,0.75,108,0.333333333,4,0,0.4,0,0,19.4,5,1.6,6,5,114,5,0
2,12,1,1,11,23,16,2,10,8,0.670454545,420,0.875,4,0,0.197916667,0,0,32.66666667,1,0.9167,420,0,420,0,1,12,1,1,13,33,12,2,12,8,0.690909091,377,0.866666667,4,0,0.21875,0,0,29.16666667,1,0.9167,52,65,472,65,0
2,14,2,0,10,38,43,3,7,14,0.75,246,1,2,0.458333333,0.595238095,0,0,16.28571429,1,0.9286,246,0,246,0,1,16,2,0,9,40,70,2,7,16,0.72,273,1,2,0.548387097,0.5,1,5,15.75,1,0.875,26,9,272,9,1
2,15,2,0,9,43,0,3,7,11,0.589285714,302,1,0,0.461538462,0.191666667,2,3,18.86666667,6,1.8,302,0,302,0,0,15,2,0,9,43,0,3,7,11,0.589285714,303,1,0,0.461538462,0.191666667,2,3,18.93333333,6,1.8,6,5,308,5,1
2,2,2,0,3,4,1,0,3,2,2,10,0,0,0.666666667,0.666666667,0,0,4,1,0.5,10,0,10,0,0,2,2,0,3,4,1,0,3,2,2,10,0,0,0.666666667,0.666666667,0,0,4,1,0.5,6,5,16,5,0
2,10,1,0,4,37,0,0,4,9,0.388888889,278,1,0,0,0.34,0,0,26.6,5,1.6,278,0,278,0,0,10,1,0,4,37,0,0,4,9,0.388888889,280,1,0,0,0.34,0,0,26.8,5,1.6,6,5,284,5,1
2,6,3,0,1,19,15,1,0,4,1.12,184,0,0,0.8125,0.5,1,1,28.83333333,14,2.8333,184,0,184,0,0,6,3,0,1,19,15,1,0,4,1.12,184,0,0,0.8125,0.5,1,1,28.83333333,14,2.8333,0,0,184,0,0
2,4,1,0,7,38,0,2,5,0,0.888888889,224,0.5,3,0,0.375,0,0,53.5,2,1,224,0,224,0,1,4,1,0,8,39,0,2,6,0,0.888888889,235,0.5,3,0,0.375,0,0,56.25,2,1,24,14,248,14,1
2,8,2,0,5,17,0,1,5,4,0.523809524,108,1,1,0.611111111,0.3,1,3,12.125,1,0.875,108,0,108,0,1,15,2,0,6,27,7,1,6,7,0.612244898,287,1,1,0.44,0.2,1,3,17.66666667,3,1.0667,124,20,232,20,1
2,14,1,3,24,17,89,24,0,14,0.923076923,224,1,0,0,0.271428571,0,0,14.92857143,1,0.9286,224,0,224,0,0,15,1,5,31,18,103,31,0,15,0.928571429,256,1,0,0,0.28,0,0,16,1,0.9333,30,5,254,5,1
2,3,1,2,19,4,3,18,1,3,2,7,0,0,0,1,0,0,1.333333333,1,0.6667,7,0,7,0,1,4,1,2,24,5,6,23,1,4,2,9,0,0,0,1,0,0,1.25,1,0.75,14,5,21,5,1
2,2,3,0,8,8,1,2,6,0,2,61,0,0,0.952380952,0.583333333,1,1,29.5,1,0.5,61,0,61,0,1,2,3,0,8,9,1,2,6,0,2,64,0,0,0.952380952,0.583333333,1,1,31,1,0.5,16,12,77,12,0
2,7,2,0,6,30,1,1,5,7,0,373,1,0,0.142857143,0.314285714,1,1,51.57142857,12,3.5714,373,0,373,0,0,7,2,0,6,30,1,1,5,7,0,373,1,0,0.142857143,0.314285714,1,1,51.57142857,12,3.5714,6,5,379,5,1
1,2,1,0,2,2,1,1,1,2,2,2,0,0,0,0.666666667,0,0,0,1,1,2,0,2,0,0,NaN,NaN,NaN,NaN,NaN,NaN,NaN,NaN,NaN,NaN,NaN,NaN,NaN,NaN,NaN,NaN,NaN,NaN,NaN,NaN,NaN,NaN,NaN,NaN,NaN
1,7,2,0,6,21,0,1,6,5,0.666666667,99,0.333333333,0,0.5,0.375,2,2,12.71428571,3,1,99,0,99,0,1,NaN,NaN,NaN,NaN,NaN,NaN,NaN,NaN,NaN,NaN,NaN,NaN,NaN,NaN,NaN,NaN,NaN,NaN,NaN,NaN,NaN,NaN,NaN,NaN,NaN
2,7,2,0,4,16,0,1,3,6,0.333333333,179,1,2,0.571428571,0.476190476,1,3,24.14285714,1,0.8571,179,0,179,0,0,7,2,0,4,16,0,1,3,6,0.333333333,179,1,2,0.571428571,0.476190476,1,3,24.14285714,1,0.8571,6,5,185,5,0
2,2,3,0,4,6,0,0,4,2,0,35,1,1,0.75,0.75,0,0,16,1,0.5,35,0,35,0,0,2,3,0,4,6,0,0,4,2,0,35,1,1,0.8,0.75,0,0,16,1,0.5,6,5,41,5,1
2,26,1,0,7,55,0,0,7,22,0.344,707,1,4,0,0.184615385,0,0,25.80769231,2,1.1538,707,0,707,0,1,26,1,0,10,55,0,0,10,22,0.344,705,1,4,0,0.184615385,0,0,25.73076923,2,1.1538,129,45,836,45,1
1,5,2,0,2,18,0,1,1,5,0.375,83,0,0,0.5,0.466666667,1,1,15.2,1,0.8,83,0,83,0,0,NaN,NaN,NaN,NaN,NaN,NaN,NaN,NaN,NaN,NaN,NaN,NaN,NaN,NaN,NaN,NaN,NaN,NaN,NaN,NaN,NaN,NaN,NaN,NaN,NaN
2,13,2,0,9,38,0,3,6,4,0.75,354,0.571428571,6,0.294117647,0.211538462,1,2,25.15384615,1,0.9231,354,0,354,0,1,13,2,0,10,38,0,3,7,4,0.766666667,367,0.533333333,6,0.294117647,0.211538462,1,2,26.07692308,1,0.9231,15,9,369,9,1
2,5,4,0,2,18,0,1,1,4,0.55,380,0.4,1,0.866666667,0.4,1,1,74,14,4.8,380,0,380,0,1,5,4,0,2,18,0,1,1,4,0.55,380,0.4,1,0.866666667,0.4,1,1,74,14,4.8,2,0,382,0,0
2,4,2,0,4,5,0,1,3,3,0.666666667,65,0.666666667,1,0.777777778,0.476190476,0,0,14.5,4,2,65,0,65,0,1,4,2,0,4,5,0,1,3,3,0.666666667,65,0.666666667,1,0.777777778,0.476190476,0,0,14.5,4,2,7,6,72,6,0
1,17,2,0,9,43,48,2,8,13,0.5625,263,1,2,0.444444444,0.135746606,2,4,14.29411765,7,1.6471,263,0,263,0,1,NaN,NaN,NaN,NaN,NaN,NaN,NaN,NaN,NaN,NaN,NaN,NaN,NaN,NaN,NaN,NaN,NaN,NaN,NaN,NaN,NaN,NaN,NaN,NaN,NaN
2,2,2,0,6,4,1,4,2,0,2,39,0,0,0.916666667,0.666666667,1,3,18.5,4,2,39,0,39,0,0,2,2,0,6,4,1,4,2,0,2,39,0,0,0.916666667,0.666666667,1,3,18.5,4,2,6,5,45,5,0
1,5,1,4,8,6,4,7,1,5,0.5,19,1,0,0,0.8,0,0,2.6,1,0.8,19,0,19,0,1,NaN,NaN,NaN,NaN,NaN,NaN,NaN,NaN,NaN,NaN,NaN,NaN,NaN,NaN,NaN,NaN,NaN,NaN,NaN,NaN,NaN,NaN,NaN,NaN,NaN
2,6,2,0,4,10,15,1,3,6,2,31,0,0,0.615384615,0.666666667,1,3,4.166666667,1,0.8333,31,0,31,0,0,6,2,0,4,10,15,1,3,6,2,31,0,0,0.615384615,0.666666667,1,3,4.166666667,1,0.8333,6,5,37,5,0
1,1,4,0,2,2,0,2,0,1,2,5,0,0,1,1,0,0,4,0,0,5,0,5,0,0,NaN,NaN,NaN,NaN,NaN,NaN,NaN,NaN,NaN,NaN,NaN,NaN,NaN,NaN,NaN,NaN,NaN,NaN,NaN,NaN,NaN,NaN,NaN,NaN,NaN
2,1,2,0,14,2,0,11,3,0,2,11,0,1,1,1,0,0,9,0,0,11,0,11,0,0,1,2,0,14,2,0,11,3,0,2,11,0,1,1,1,0,0,9,0,0,7,6,18,6,1
2,7,1,0,11,37,0,1,11,7,0.69047619,348,1,2,0,0.30952381,0,0,47.71428571,1,0.8571,348,0,348,0,1,7,1,1,13,46,0,2,12,7,0.69047619,357,1,2,0,0.30952381,0,0,49,1,0.8571,22,21,370,21,0
1,4,2,0,3,10,0,1,2,0,0.484848485,176,1,2,0.625,0.625,1,1,40.25,1,0.75,176,0,176,0,0,NaN,NaN,NaN,NaN,NaN,NaN,NaN,NaN,NaN,NaN,NaN,NaN,NaN,NaN,NaN,NaN,NaN,NaN,NaN,NaN,NaN,NaN,NaN,NaN,NaN
2,1,1,0,3,1,0,3,0,0,2,87,0,0,0,0,0,0,68,0,0,87,0,87,0,0,1,1,0,3,1,0,3,0,0,2,87,0,0,0,0,0,0,68,0,0,0,0,87,0,0
2,36,1,0,5,52,282,1,4,7,0.720300752,2855,0.210526316,1,0,0.405714286,0,0,77.77777778,102,7.0556,2855,0,2855,0,1,36,1,0,5,52,282,1,4,7,0.720300752,3060,0.210526316,1,0,0.405714286,0,0,83.47222222,112,7.6389,235,152,3090,152,1
2,3,1,0,6,7,3,3,5,2,2,21,0,0,0,0.666666667,0,0,6,1,0.6667,21,0,21,0,0,3,1,0,7,7,3,4,5,2,2,21,0,0,0,0.666666667,0,0,6,1,0.6667,18,2,39,2,0
1,7,2,1,11,20,9,5,7,6,0.5,74,0,1,0.666666667,0.265306122,2,3,9.428571429,4,1.2857,74,0,74,0,1,NaN,NaN,NaN,NaN,NaN,NaN,NaN,NaN,NaN,NaN,NaN,NaN,NaN,NaN,NaN,NaN,NaN,NaN,NaN,NaN,NaN,NaN,NaN,NaN,NaN
2,6,1,5,25,8,15,24,1,6,2,21,0,0,0,0.583333333,0,0,2.5,1,0.8333,21,0,21,0,0,6,1,5,33,8,15,32,1,6,2,21,0,0,0,0.583333333,0,0,2.5,1,0.8333,6,5,27,5,0
2,6,2,0,12,12,1,1,11,6,0.64,173,1,6,0.921568627,0.35,0,0,26.16666667,6,1.5,173,0,173,0,0,6,2,0,12,12,1,1,11,6,0.64,173,1,6,0.921568627,0.35,0,0,26.16666667,6,1.5,173,0,346,0,0
2,27,2,0,13,80,193,3,13,21,0.814102564,479,1,0,0.679012346,0.181481481,1,6,16.51851852,2,1.037,479,0,479,0,1,27,2,0,16,84,193,3,16,21,0.824175824,558,1,0,0.697674419,0.168350168,1,9,19.40740741,2,1.037,96,41,575,41,1
2,9,2,0,10,32,0,1,9,7,0.545454545,409,1,2,0.5,0.285714286,1,3,43.22222222,2,1,409,0,409,0,0,9,2,0,10,31,0,1,9,7,0.545454545,409,1,2,0.5,0.285714286,1,3,43.22222222,2,1,12,10,421,10,0
1,7,3,0,7,22,9,2,6,6,0.777777778,122,0.333333333,1,0.705882353,0.333333333,2,3,16,6,1.7143,122,0,122,0,1,NaN,NaN,NaN,NaN,NaN,NaN,NaN,NaN,NaN,NaN,NaN,NaN,NaN,NaN,NaN,NaN,NaN,NaN,NaN,NaN,NaN,NaN,NaN,NaN,NaN
2,9,2,0,8,25,0,1,8,8,0.3125,133,0,2,0.6,0.222222222,2,4,13.55555556,4,1.2222,133,0,133,0,1,9,2,0,9,26,0,2,8,8,0.3125,143,0,2,0.6,0.222222222,2,4,14.66666667,5,1.3333,37,13,170,13,1
1,7,3,0,7,22,9,2,6,6,0.777777778,122,0.333333333,1,0.705882353,0.333333333,2,3,16,6,1.7143,122,0,122,0,1,NaN,NaN,NaN,NaN,NaN,NaN,NaN,NaN,NaN,NaN,NaN,NaN,NaN,NaN,NaN,NaN,NaN,NaN,NaN,NaN,NaN,NaN,NaN,NaN,NaN
1,5,1,0,5,18,4,4,3,4,0.821428571,112,1,2,0,0.35,0,0,20,2,1.2,112,0,112,0,1,NaN,NaN,NaN,NaN,NaN,NaN,NaN,NaN,NaN,NaN,NaN,NaN,NaN,NaN,NaN,NaN,NaN,NaN,NaN,NaN,NaN,NaN,NaN,NaN,NaN
2,9,2,2,7,14,8,5,2,6,0.5,103,1,2,0.384615385,0.407407407,1,2,10.22222222,2,1,103,0,103,0,0,9,2,2,7,14,8,5,2,6,0.5,103,1,2,0.384615385,0.407407407,1,2,10.22222222,2,1,6,5,109,5,0
2,8,1,0,19,8,28,17,2,8,2,8,0,0,0,0.3,0,0,0,1,1,8,0,8,0,0,8,1,0,27,8,28,25,2,8,2,8,0,0,0,0.3,0,0,0,1,1,6,5,14,5,0
2,40,2,0,29,123,576,6,26,19,0.883861237,1200,0.470588235,8,0.591397849,0.136752137,1,5,28.575,26,1.75,1200,0,1200,0,1,45,2,0,31,137,732,6,28,20,0.899793388,1253,0.590909091,10,0.582524272,0.131118881,1,8,26.35555556,28,1.7556,212,97,1412,97,1
2,16,2,0,15,55,98,1,14,4,0.833333333,498,0.75,2,0.44,0.296296296,1,3,29.875,7,1.5625,498,0,498,0,1,14,2,0,17,47,73,2,16,4,0.826923077,361,0.75,3,0.47826087,0.256410256,1,3,24.5,7,1.3571,39,46,537,46,1
2,4,2,0,2,13,0,0,2,4,0.166666667,57,1,1,0.4,0.5625,0,0,12.75,2,1,57,0,57,0,1,5,2,0,2,15,0,0,2,5,0.125,73,1,1,0.333333333,0.55,0,0,13.2,2,1.2,13,5,70,5,0
2,2,1,6,21,3,1,21,0,2,2,5,0,0,0,0.666666667,0,0,1.5,1,0.5,5,0,5,0,0,2,1,6,22,3,1,22,0,2,2,5,0,0,0,0.666666667,0,0,1.5,1,0.5,7,6,12,6,0
2,2,4,0,2,4,1,1,1,1,2,13,0,0,0.857142857,0.666666667,1,1,5.5,2,1,13,0,13,0,0,2,4,0,2,4,1,1,1,1,2,13,0,0,0.875,0.666666667,1,1,5.5,2,1,6,5,19,5,0
2,13,3,0,6,31,0,1,6,11,0.375,218,1,2,0.571428571,0.208791209,2,2,15.61538462,6,1.3077,218,0,218,0,0,13,3,0,6,31,0,1,6,11,0.375,218,1,2,0.571428571,0.208791209,2,2,15.61538462,6,1.3077,6,5,224,5,0
2,3,3,0,5,17,1,1,4,2,0.5,98,1,0,0.75,0.75,0,0,31,1,0.3333,98,0,98,0,0,3,3,0,5,17,1,1,4,2,0.5,98,1,0,0.8,0.75,0,0,31,1,0.3333,6,5,104,5,1
2,7,2,0,8,18,9,3,6,6,0.5,89,1,1,0.666666667,0.265306122,2,3,11.57142857,5,1.5714,89,0,89,0,1,8,2,0,8,19,8,3,6,7,0.428571429,93,1,1,0.631578947,0.25,2,3,10.5,5,1.5,14,7,103,7,1
2,12,4,0,12,29,0,0,12,12,0,113,1,1,0.620689655,0.21969697,0,0,8.333333333,1,0.9167,113,0,113,0,1,13,4,0,14,31,0,0,14,13,0,120,1,1,0.6,0.205128205,0,0,8.153846154,1,0.9231,13,7,126,7,0
2,24,2,0,9,49,0,0,9,19,0,142,1,1,0.705128205,0.21875,1,5,4.875,1,0.9583,142,0,142,0,1,24,2,0,11,50,0,0,11,19,0,171,1,1,0.722891566,0.199074074,1,8,6.083333333,1,0.9583,74,20,216,20,1
2,8,1,0,1,29,16,0,1,6,0.142857143,330,1,0,0,0.314285714,0,0,40.125,8,2.5,330,0,330,0,0,8,1,0,2,27,18,1,1,6,0.428571429,567,1,0,0,0.314285714,0,0,68.875,8,2.5,79,36,409,36,1
2,4,1,0,11,6,6,10,3,3,1,15,0,2,0,0.833333333,0,0,2.25,1,0.75,15,0,15,0,0,4,1,0,12,6,6,11,3,3,1,15,0,2,0,0.833333333,0,0,2.25,1,0.75,19,11,34,11,1
1,7,1,0,3,12,1,3,0,6,0.277777778,103,1,0,0,0.619047619,0,0,13.28571429,3,1,103,0,103,0,1,NaN,NaN,NaN,NaN,NaN,NaN,NaN,NaN,NaN,NaN,NaN,NaN,NaN,NaN,NaN,NaN,NaN,NaN,NaN,NaN,NaN,NaN,NaN,NaN,NaN
2,2,1,3,20,3,1,19,1,2,2,5,0,0,0,0.75,0,0,1.5,1,0.5,5,0,5,0,0,2,1,5,25,3,1,24,1,2,2,5,0,0,0,0.75,0,0,1.5,1,0.5,37,13,42,13,1
2,9,1,0,7,10,36,3,6,8,1.0625,16,0,1,0,0.5625,0,0,0.555555556,1,0.8889,16,0,16,0,0,13,1,0,16,14,78,10,8,12,1.041666667,20,0,1,0,0.427083333,0,0,0.384615385,1,0.9231,424,129,440,129,1
2,7,1,0,1,10,21,1,0,7,2,155,0,0,0,0.321428571,0,0,21.14285714,4,2.5714,155,0,155,0,0,7,1,0,1,10,21,1,0,7,2,155,0,0,0,0.321428571,0,0,21.14285714,4,2.5714,0,0,155,0,1
1,7,2,0,2,32,1,1,1,6,0.583333333,485,1,0,0.444444444,0.444444444,1,1,67.42857143,3,1.1429,485,0,485,0,0,NaN,NaN,NaN,NaN,NaN,NaN,NaN,NaN,NaN,NaN,NaN,NaN,NaN,NaN,NaN,NaN,NaN,NaN,NaN,NaN,NaN,NaN,NaN,NaN,NaN
1,16,1,0,11,68,8,3,9,4,0.683333333,814,1,2,0,0.236111111,0,0,49.375,2,1,814,0,814,0,1,NaN,NaN,NaN,NaN,NaN,NaN,NaN,NaN,NaN,NaN,NaN,NaN,NaN,NaN,NaN,NaN,NaN,NaN,NaN,NaN,NaN,NaN,NaN,NaN,NaN
2,3,3,0,3,10,1,1,2,3,0.5,63,1,0,0.75,0.666666667,0,0,19,1,0.3333,63,0,63,0,0,3,3,0,3,10,1,1,2,3,0.5,63,1,0,0.8,0.666666667,0,0,19,1,0.3333,6,5,69,5,1
2,1,1,0,2,1,0,2,0,0,2,169,0,0,0,0,0,0,132,0,0,169,0,169,0,1,1,1,0,2,1,0,2,0,0,2,174,0,0,0,0,0,0,136,0,0,19,17,188,17,1
2,6,1,0,11,6,15,11,0,6,2,6,0,0,0,0.375,0,0,0,1,1,6,0,6,0,0,6,1,0,11,6,15,11,0,6,2,6,0,0,0,0.375,0,0,0,1,1,11,8,17,8,0
2,2,1,0,3,3,1,3,0,0,1.4,112,0,0,0,1,0,0,52.5,0,0,112,0,112,0,1,3,1,0,5,8,3,5,0,0,1.333333333,205,0,0,0,0.5,0,0,63.33333333,3,1,53,11,165,11,1
2,6,4,0,13,30,3,9,4,5,0.6,216,0.333333333,0,0.94047619,0.5,0,0,34.5,1,0.8333,216,0,216,0,1,30,4,0,16,75,349,10,8,23,0.936781609,515,0.666666667,0,0.738317757,0.155172414,1,3,15.76666667,6,1.2667,490,40,706,40,1
2,23,1,0,9,34,93,6,3,22,0.704545455,726,1,0,0,0.198067633,0,0,30.04347826,17,1.8261,726,0,726,0,1,11,2,0,8,21,0,2,6,11,2,392,0,0,0.8,0.352272727,1,4,34.63636364,2,0.7273,53,414,779,414,1
2,5,2,1,7,13,0,2,5,4,0.4375,110,0.5,1,0.25,0.5,0,0,20.2,4,1.6,110,0,110,0,0,5,2,1,7,13,0,2,5,4,0.4375,110,0.5,1,0.25,0.5,0,0,20.2,4,1.6,6,5,116,5,1
2,2,2,0,3,4,1,0,3,2,2,10,0,0,0.666666667,0.666666667,0,0,4,1,0.5,10,0,10,0,0,2,2,0,3,4,1,0,3,2,2,10,0,0,0.666666667,0.666666667,0,0,4,1,0.5,6,5,16,5,1
2,26,2,1,13,80,53,6,8,18,0.854545455,938,0.818181818,0,0.314285714,0.296,0,0,34.65384615,2,1,938,0,938,0,1,28,2,1,16,89,86,6,10,23,0.844444444,1021,0.8,0,0.395348837,0.265432099,1,7,35.10714286,2,1,257,178,1195,178,1
1,4,3,0,3,10,2,0,3,3,0.666666667,57,1,0,0.571428571,0.625,0,0,12.75,1,0.75,57,0,57,0,1,NaN,NaN,NaN,NaN,NaN,NaN,NaN,NaN,NaN,NaN,NaN,NaN,NaN,NaN,NaN,NaN,NaN,NaN,NaN,NaN,NaN,NaN,NaN,NaN,NaN
2,11,3,0,8,42,0,3,6,10,0.45,285,1,0,0.615384615,0.220779221,2,2,24.72727273,7,1.7273,285,0,285,0,1,11,3,0,8,42,0,3,6,10,0.45,286,1,0,0.615384615,0.220779221,2,2,24.81818182,7,1.7273,34,47,319,47,0
1,5,2,0,2,12,0,1,1,5,0.125,82,0.5,0,0.5,0.466666667,1,1,15,1,0.8,82,0,82,0,0,NaN,NaN,NaN,NaN,NaN,NaN,NaN,NaN,NaN,NaN,NaN,NaN,NaN,NaN,NaN,NaN,NaN,NaN,NaN,NaN,NaN,NaN,NaN,NaN,NaN
1,5,2,0,4,7,6,1,3,4,0.75,24,1,2,0.571428571,0.625,0,0,3.4,1,0.6,24,0,24,0,0,NaN,NaN,NaN,NaN,NaN,NaN,NaN,NaN,NaN,NaN,NaN,NaN,NaN,NaN,NaN,NaN,NaN,NaN,NaN,NaN,NaN,NaN,NaN,NaN,NaN
2,1,1,1,19,2,0,19,0,1,2,12,0,0,0,1,0,0,9,0,0,12,0,12,0,0,1,1,1,19,2,0,19,0,1,2,12,0,0,0,1,0,0,9,0,0,19,11,31,11,0
1,15,1,0,6,41,25,3,5,7,0.747252747,661,0.846153846,3,0,0.202380952,0,0,42.2,6,1.5333,661,0,661,0,0,NaN,NaN,NaN,NaN,NaN,NaN,NaN,NaN,NaN,NaN,NaN,NaN,NaN,NaN,NaN,NaN,NaN,NaN,NaN,NaN,NaN,NaN,NaN,NaN,NaN
2,2,3,0,3,6,0,0,3,2,0,41,0,0,0.75,0.666666667,0,0,18.5,1,0.5,41,0,41,0,0,2,3,0,3,6,0,0,3,2,0,41,0,0,0.8,0.666666667,0,0,18.5,1,0.5,7,6,48,6,1
2,14,2,0,19,32,1,3,17,13,0.346153846,157,0.5,1,0.6875,0.202380952,1,3,10.07142857,1,0.7143,157,0,157,0,1,15,2,0,21,34,0,3,19,14,0.357142857,164,0.5,1,0.666666667,0.18974359,1,3,9.8,1,0.7333,23,10,180,10,1
2,5,3,0,3,18,0,2,1,4,0.55,387,0.4,1,0.866666667,0.4,1,1,75.4,14,4.8,387,0,387,0,0,5,3,0,3,18,0,2,1,4,0.55,387,0.4,1,0.866666667,0.4,1,1,75.4,14,4.8,0,0,387,0,1
2,6,1,0,40,6,15,37,4,6,2,6,0,0,0,0.416666667,0,0,0,1,1,6,0,6,0,0,6,1,0,47,6,15,44,4,6,2,6,0,0,0,0.416666667,0,0,0,1,1,6,5,12,5,0
2,9,1,15,33,11,34,30,3,7,0.875,47,1,1,0,0.416666667,0,0,4.111111111,1,0.8889,47,0,47,0,0,9,1,17,38,11,34,35,3,7,0.875,47,1,1,0,0.416666667,0,0,4.111111111,1,0.8889,6,5,53,5,1
2,57,1,4,80,108,1504,66,16,43,0.867346939,724,1,3,0,0.115288221,0,0,11.57894737,12,1.1754,724,0,724,0,1,62,1,4,118,125,1757,93,27,46,0.877794337,815,1,5,0,0.102822581,0,0,11.96774194,11,1.2258,363,135,1087,135,1
1,5,2,0,7,17,0,2,6,5,0,62,1,1,0.2,0.4,1,1,11.2,2,1,62,0,62,0,1,NaN,NaN,NaN,NaN,NaN,NaN,NaN,NaN,NaN,NaN,NaN,NaN,NaN,NaN,NaN,NaN,NaN,NaN,NaN,NaN,NaN,NaN,NaN,NaN,NaN
2,7,2,0,6,13,0,1,5,6,0.5,197,0.5,0,0.666666667,0.333333333,0,0,26.85714286,1,0.1429,197,0,197,0,0,7,2,0,6,13,0,1,5,6,0.5,189,0.5,0,0.666666667,0.333333333,0,0,25.71428571,1,0.1429,8,7,205,7,0
2,9,1,0,8,36,8,1,7,0,0.625,648,1,4,0,0.24691358,0,0,70.22222222,4,1.2222,648,0,648,0,1,10,1,0,9,37,17,1,8,0,0.555555556,659,1,4,0,0.277777778,0,0,64.2,4,1.1,20,14,668,14,1
2,22,1,0,5,38,153,1,4,7,0.848484848,3709,0.121212121,1,0,0.380952381,0,0,166.0909091,236,13.7727,3709,0,3709,0,1,22,1,0,5,38,153,1,4,7,0.850340136,3785,0.114285714,1,0,0.380952381,0,0,169.4545455,236,14.0455,28,16,3737,16,0
1,7,2,0,4,27,9,1,3,4,0.333333333,186,1,0,0.5,0.571428571,0,0,25.42857143,2,0.7143,186,0,186,0,1,NaN,NaN,NaN,NaN,NaN,NaN,NaN,NaN,NaN,NaN,NaN,NaN,NaN,NaN,NaN,NaN,NaN,NaN,NaN,NaN,NaN,NaN,NaN,NaN,NaN
2,3,3,0,3,16,3,0,3,3,2,178,0,0,0.6,0.444444444,0,0,58.33333333,3,1.3333,178,0,178,0,1,3,3,0,3,13,3,0,3,3,2,170,0,0,0.666666667,0.444444444,0,0,55.66666667,3,1.3333,9,9,187,9,1
2,3,1,0,3,4,3,3,0,3,1.4375,23,0,2,0,0.5,0,0,4,2,1,23,0,23,0,0,3,1,0,3,4,3,3,0,3,1.4375,23,0,2,0,0.5,0,0,4,2,1,0,0,23,0,0
1,2,2,0,3,6,0,0,3,2,0,18,1,1,0.5,0.666666667,0,0,7.5,1,0.5,18,0,18,0,1,NaN,NaN,NaN,NaN,NaN,NaN,NaN,NaN,NaN,NaN,NaN,NaN,NaN,NaN,NaN,NaN,NaN,NaN,NaN,NaN,NaN,NaN,NaN,NaN,NaN
2,9,2,0,9,32,0,1,8,9,0.291666667,340,1,2,0.6,0.259259259,2,3,36.44444444,11,3,340,0,340,0,0,9,2,0,9,32,0,1,8,9,0.291666667,340,1,2,0.6,0.259259259,2,3,36.44444444,11,3,20,8,360,8,1
2,6,2,0,9,28,0,1,8,6,0,147,1,1,0.705882353,0.333333333,2,3,23.33333333,4,1.5,147,0,147,0,0,6,2,0,9,28,0,1,8,6,0,147,1,1,0.705882353,0.333333333,2,3,23.33333333,4,1.5,8,6,155,6,0
2,15,3,0,9,29,15,1,8,11,0.6,523,0.7,3,0.214285714,0.285714286,1,1,33.2,10,1.7333,523,0,523,0,0,15,3,0,9,29,15,1,8,11,0.6,524,0.7,3,0.266666667,0.285714286,1,1,33.26666667,10,1.7333,0,0,523,0,1
1,7,3,0,7,22,9,2,6,6,0.777777778,122,0.333333333,1,0.705882353,0.333333333,2,3,16,6,1.7143,122,0,122,0,1,NaN,NaN,NaN,NaN,NaN,NaN,NaN,NaN,NaN,NaN,NaN,NaN,NaN,NaN,NaN,NaN,NaN,NaN,NaN,NaN,NaN,NaN,NaN,NaN,NaN
1,7,2,0,6,21,0,1,6,5,0.666666667,92,0.666666667,0,0.5,0.375,2,2,11.71428571,3,1,92,0,92,0,1,NaN,NaN,NaN,NaN,NaN,NaN,NaN,NaN,NaN,NaN,NaN,NaN,NaN,NaN,NaN,NaN,NaN,NaN,NaN,NaN,NaN,NaN,NaN,NaN,NaN
1,4,1,0,2,10,0,0,2,4,0,83,0,0,0,0.4,0,0,19.5,2,0.5,83,0,83,0,1,NaN,NaN,NaN,NaN,NaN,NaN,NaN,NaN,NaN,NaN,NaN,NaN,NaN,NaN,NaN,NaN,NaN,NaN,NaN,NaN,NaN,NaN,NaN,NaN,NaN
2,2,1,0,2,9,1,1,1,2,2,48,0,0,0,0.666666667,0,0,23,6,3,48,0,48,0,0,5,1,0,3,14,4,2,1,4,0.583333333,145,0.666666667,1,0,0.5,0,0,27.4,7,2.6,56,9,104,9,1
2,2,5,0,3,4,1,2,1,1,2,9,0,0,0.875,0.666666667,1,1,3.5,1,0.5,9,0,9,0,0,2,5,0,3,4,1,2,1,1,2,9,0,0,0.888888889,0.666666667,1,1,3.5,1,0.5,6,5,15,5,0
2,9,1,0,5,18,0,2,3,8,0.5,1224,1,0,0,0.5,0,0,134.5555556,3,1,1224,0,1224,0,1,14,1,0,5,28,0,2,3,8,0.288461538,1483,1,0,0,0.320512821,0,0,104.6428571,10,1.8571,86,13,1310,13,0
1,18,1,3,7,28,51,3,4,15,0.809954751,503,1,0,0,0.198412698,0,0,26.22222222,19,2.1667,503,0,503,0,1,NaN,NaN,NaN,NaN,NaN,NaN,NaN,NaN,NaN,NaN,NaN,NaN,NaN,NaN,NaN,NaN,NaN,NaN,NaN,NaN,NaN,NaN,NaN,NaN,NaN
2,14,2,0,6,38,0,1,6,11,0.384615385,318,1,0,0.5,0.171428571,2,5,21.57142857,6,1.5714,318,0,318,0,1,14,2,0,6,38,0,1,6,11,0.384615385,318,1,0,0.5,0.171428571,2,5,21.57142857,6,1.5714,6,5,324,5,1
2,10,1,0,18,87,0,1,18,0,0.700854701,990,1,5,0,0.254545455,0,0,96.7,10,2.4,990,0,990,0,1,11,1,0,20,102,1,1,20,0,0.733333333,1192,1,5,0,0.227272727,0,0,106,10,2.3636,202,79,1192,79,0
2,2,1,0,0,5,1,0,0,0,1,44,0,0,0,1,0,0,17,0,0,44,0,44,0,0,2,1,0,0,5,1,0,0,0,1,44,0,0,0,1,0,0,17,0,0,7,6,51,6,0
2,7,2,2,10,27,1,2,8,6,0.333333333,134,1,1,0.666666667,0.342857143,2,3,18,5,1.5714,134,0,134,0,0,7,2,2,10,27,1,2,8,6,0.333333333,134,1,1,0.666666667,0.342857143,2,3,18,5,1.5714,6,5,140,5,0
2,11,2,0,8,28,15,2,7,7,0.644444444,440,1,3,0.444444444,0.287878788,1,3,38.18181818,2,1.1818,440,0,440,0,1,12,2,0,8,29,26,1,7,7,0.609090909,461,1,3,0.444444444,0.305555556,1,3,36.58333333,2,1.0833,174,272,614,272,0
2,5,2,0,6,20,0,1,6,5,0.375,118,1,1,0.2,0.4,1,1,22.2,2,1,118,0,118,0,1,3,3,0,4,7,3,0,4,3,2,20,0,0,0.714285714,0.555555556,2,3,5.666666667,1,0.6667,12,47,130,47,0
2,6,3,0,16,33,3,1,16,6,0.4,297,1,1,0.87804878,0.351851852,2,3,48.16666667,1,0.8333,297,0,297,0,0,6,3,0,16,33,3,1,16,6,0.4,297,1,1,0.880952381,0.351851852,2,3,48.16666667,1,0.8333,6,5,303,5,1
2,12,2,1,7,33,0,4,4,6,0.545454545,237,1,0,0.421052632,0.283333333,1,3,18.41666667,2,1,237,0,237,0,1,10,2,1,6,21,0,3,4,6,0.412698413,340,1,1,0.470588235,0.3,1,3,32.3,2,1.1,51,38,288,38,1
2,9,1,0,13,16,0,13,0,9,0.6,152,0.2,0,0,0.518518519,1,1,15.33333333,3,1.1111,152,0,152,0,1,13,1,0,15,22,24,14,1,13,0.75,177,0.166666667,1,0,0.384615385,1,1,12.15384615,3,1.0769,14,5,166,5,1
2,3,2,0,5,6,3,1,4,2,2,16,0,0,0.833333333,0.5,1,1,4.333333333,1,0.6667,16,0,16,0,0,6,2,0,5,12,3,1,4,5,2,36,0,0,0.666666667,0.305555556,1,1,5,1,0.8333,36,0,52,0,0
2,14,1,0,2,25,3,1,1,13,0.602564103,237,0,0,0,0.404761905,0,0,15.5,1,0.9286,237,0,237,0,0,14,1,0,2,25,3,1,1,13,0.602564103,237,0,0,0,0.404761905,0,0,15.5,1,0.9286,6,5,243,5,0
2,6,3,0,5,20,5,1,4,5,0.825,247,0,1,0.722222222,0.333333333,1,4,38.83333333,16,3.6667,247,0,247,0,0,6,3,0,5,20,5,1,4,5,0.825,247,0,1,0.722222222,0.333333333,1,4,38.83333333,16,3.6667,7,6,254,6,0
1,1,4,0,5,2,0,5,0,1,2,5,0,0,1,1,0,0,4,0,0,5,0,5,0,0,NaN,NaN,NaN,NaN,NaN,NaN,NaN,NaN,NaN,NaN,NaN,NaN,NaN,NaN,NaN,NaN,NaN,NaN,NaN,NaN,NaN,NaN,NaN,NaN,NaN
2,14,1,0,12,22,61,11,1,13,0.692307692,175,0,3,0,0.320512821,0,0,11.28571429,3,0.7143,175,0,175,0,0,14,1,0,12,22,61,11,1,13,0.692307692,175,0,3,0,0.320512821,0,0,11.28571429,3,0.7143,186,18,361,18,1
2,1,1,0,3,2,0,1,2,0,2,38,0,2,0,1,0,0,33,0,0,38,0,38,0,0,1,1,0,4,2,0,1,3,0,2,54,0,3,0,1,0,0,48,0,0,54,0,92,0,1
2,48,1,0,21,119,742,8,20,32,0.89106383,1211,0.64,6,0,0.115277778,0,0,23.70833333,2,0.9792,1211,0,1211,0,1,80,1,0,23,171,1344,4,22,52,0.843178622,2846,0.722222222,10,0,0.1005996,0,0,34.125,4,0.9875,1447,258,2658,258,1
2,16,1,0,8,34,62,2,6,3,0.686666667,461,1,6,0,0.28125,0,0,27.1875,4,1.1875,461,0,461,0,1,17,1,0,9,35,72,2,7,4,0.65,474,1,6,0,0.31372549,0,0,26.29411765,4,1.1176,16,10,477,10,1
2,13,3,0,11,23,58,0,11,11,0.960526316,656,0.578947368,0,0.476190476,0.21969697,0,0,48,1,0.8462,656,0,656,0,0,14,3,0,13,24,69,0,13,12,0.963369963,723,0.571428571,0,0.454545455,0.205128205,0,0,49.14285714,1,0.8571,723,0,1379,0,0
2,13,2,2,9,34,0,2,7,6,0.675925926,342,1,4,0.4,0.21978022,1,3,24.61538462,3,1.1538,342,0,342,0,1,13,2,2,9,34,0,2,7,6,0.666666667,345,1,4,0.4,0.21978022,1,3,24.84615385,3,1.1538,32,9,374,9,0
2,2,3,0,5,10,1,0,5,2,1,48,1,0,0.972222222,0.75,0,0,22.5,1,0.5,48,0,48,0,0,2,3,0,5,10,1,0,5,2,1,48,1,0,0.977272727,0.75,1,2,22.5,1,0.5,6,5,54,5,1
2,1,1,0,2,2,0,1,1,0,2,18,0,3,0,1,0,0,12,0,0,18,0,18,0,0,1,1,0,2,2,0,1,1,0,2,18,0,3,0,1,0,0,12,0,0,18,0,36,0,0
1,2,1,0,2,4,0,0,2,2,0,33,1,0,0,0.666666667,0,0,14.5,3,1.5,33,0,33,0,0,NaN,NaN,NaN,NaN,NaN,NaN,NaN,NaN,NaN,NaN,NaN,NaN,NaN,NaN,NaN,NaN,NaN,NaN,NaN,NaN,NaN,NaN,NaN,NaN,NaN
2,11,1,0,33,19,41,33,0,10,0.633333333,186,1,0,0,0.309090909,0,0,15.63636364,4,1.4545,186,0,186,0,1,13,1,1,41,21,64,41,0,11,0.611111111,197,1,0,0,0.292307692,0,0,13.92307692,4,1.4615,28,12,214,12,0
1,4,4,0,1,8,6,1,0,4,2,20,0,0,1,0.666666667,0,0,4,0,0,20,0,20,0,0,NaN,NaN,NaN,NaN,NaN,NaN,NaN,NaN,NaN,NaN,NaN,NaN,NaN,NaN,NaN,NaN,NaN,NaN,NaN,NaN,NaN,NaN,NaN,NaN,NaN
2,1,1,0,6,2,0,6,0,0,2,32,0,0,0,1,0,0,24,0,0,32,0,32,0,1,1,1,0,8,2,0,8,0,0,2,36,0,0,0,1,0,0,27,0,0,46,17,78,17,1
2,5,1,0,2,10,0,1,2,4,0.375,60,1,1,0,0.6,0,0,10.6,2,1.2,60,0,60,0,0,5,1,0,2,10,0,1,2,4,0.375,60,1,1,0,0.6,0,0,10.6,2,1.2,6,5,66,5,1
2,20,2,0,15,52,86,5,14,9,0.669172932,449,1,3,0.32,0.223684211,1,3,21.1,6,1.75,449,0,449,0,1,21,2,0,16,58,104,5,15,10,0.65625,511,1,3,0.32,0.2375,1,3,22.95238095,6,1.6667,61,25,510,25,1
